<project xmlns="http://maven.apache.org/POM/4.0.0" xmlns:xsi="http://www.w3.org/2001/XMLSchema-instance"
  xsi:schemaLocation="http://maven.apache.org/POM/4.0.0 http://maven.apache.org/xsd/maven-4.0.0.xsd">
  <modelVersion>4.0.0</modelVersion>
  <groupId>de.bredex</groupId>
  <artifactId>java2-packager-example</artifactId>
  <version>1.0-SNAPSHOT</version>
  
  <properties>
    <maven.compiler.target>1.8</maven.compiler.target>
    <maven.compiler.source>1.8</maven.compiler.source>
  </properties>
  
  <dependencies>
	<dependency>
	    <groupId>com.h2database</groupId>
	    <artifactId>h2</artifactId>
	    <version>1.3.176</version>
	    <scope>test</scope>
	</dependency>	  	
	<dependency>
	    <groupId>org.junit.jupiter</groupId>
	    <artifactId>junit-jupiter-api</artifactId>
	    <version>5.6.1</version>
	    <scope>test</scope>
	</dependency>
	<dependency>
	    <groupId>org.hamcrest</groupId>
	    <artifactId>hamcrest-core</artifactId>
	    <version>1.3</version>
	    <scope>test</scope>
	</dependency>

  </dependencies>
  
  <build>
    <plugins>
	    <plugin>
	        <groupId>org.apache.maven.plugins</groupId>
	        <artifactId>maven-jar-plugin</artifactId>
	        <configuration>
	          <archive>
	            <manifest>
	              <mainClass>de.bredex.kurse.java2.packager.PackagerMain</mainClass>
	            </manifest>
	          </archive>
	        </configuration>
	      </plugin>
    </plugins>
  </build>
  
</project>